<?xml version="1.0" encoding="UTF-8"?>

<!-- types registered to the file system with known extension -->

<type name="default" root="./" extension="" />
<type name="vp" root="./" extension="vp" />
<type name="fp" root="./" extension="fp" />
<type name="tex" root="./" extension="png" />
<type name="fontmap" root="./" extension="fontmap" />
<type name="xml" root="./" extension="xml" />
<type name="gmo" root="./" extension="gm" />
<type name="gm" root="./" extension="gm" />

<!-- per platform types + overrides of existing type root/extension -->

<platform name="vita">
    <type name="default" root="app0:" extension="" />
    <type name="vp" root="app0:" extension="cgvpo" />
    <type name="fp" root="app0:" extension="cgfpo" />
    <type name="tex" root="app0:" extension="gxt" />
    <type name="fontmap" root="app0:" extension="fontmap" />
    <type name="xml" root="app0:" extension="xml" />
    <type name="gmo" root="app0:" extension="gm" />
    <type name="gm" root="app0:" extension="gm" />
</platform>

