<?xml version="1.0" encoding="UTF-8"?>
<shaders>

     <shader name="default_blend_fp" type="fp">
        <blend color_func="BLEND_EQ_ADD" color_src="BLEND_FUNC_SRC_ALPHA" color_dst="BLEND_FUNC_ONE_MINUS_SRC_ALPHA" alpha_func="BLEND_EQ_ADD" alpha_src="BLEND_FUNC_SRC_ALPHA" alpha_dst="BLEND_FUNC_ONE_MINUS_SRC_ALPHA"/>
        <output  color_mask="SCE_GXM_COLOR_MASK_ALL" msaa="SCE_GXM_MULTISAMPLE_NONE" format="SCE_GXM_OUTPUT_REGISTER_FORMAT_UCHAR4"/>
    </shader>

    <shader name="immgfx_vert_layout_vp" type="vp">
        <attribs stride_num_bytes="44">
            <attrib data_type="VERT_ATTRIB_DATATYPE_FLOAT" num_elems="3" offset_bytes="0"/>
            <attrib data_type="VERT_ATTRIB_DATATYPE_FLOAT" num_elems="2" offset_bytes="12"/>
            <attrib data_type="VERT_ATTRIB_DATATYPE_SHORT_NORM" num_elems="4" offset_bytes="20"/>
            <attrib data_type="VERT_ATTRIB_DATATYPE_FLOAT" num_elems="4" offset_bytes="28"/>
        </attribs>
    </shader>

    <shader name="basic" type="vp">
    	<attribs stride_num_bytes="24">
    		<attrib data_type="VERT_ATTRIB_DATATYPE_FLOAT" num_elems="3" offset_bytes="0"/>
    		<attrib data_type="VERT_ATTRIB_DATATYPE_UNSIGNED_BYTE_NORM" num_elems="4" offset_bytes="12"/>
    		<attrib data_type="VERT_ATTRIB_DATATYPE_FLOAT" num_elems="2" offset_bytes="16"/>
    	</attribs>
    </shader>
    <shader name="basic" type="fp" ref="default_blend_fp"/>

    <shader name="clear" type="vp">
    	<attribs stride_num_bytes="8">
    		<attrib data_type="VERT_ATTRIB_DATATYPE_FLOAT" num_elems="2" offset_bytes="0"/>
    	</attribs>
    </shader>

    <shader name="fontDefault" type="vp">
        <attribs stride_num_bytes="16">
            <attrib data_type="VERT_ATTRIB_DATATYPE_FLOAT" num_elems="2" offset_bytes="0"/>
            <attrib data_type="VERT_ATTRIB_DATATYPE_FLOAT" num_elems="2" offset_bytes="8"/>
        </attribs>
    </shader>
    <shader name="fontDefault" type="fp" ref="default_blend_fp"/>
 
    <shader name="immGfxDefault" type="vp" ref="immgfx_vert_layout_vp"/>
    <shader name="immGfxDefault" type="fp" ref="default_blend_fp"/>
    <shader name="immGfxDefaultTex" type="vp" ref="immgfx_vert_layout_vp"/>
    <shader name="immGfxDefaultTex" type="fp" ref="default_blend_fp"/>





    



    <shader name="transition_fade" type="vp" ref="immgfx_vert_layout_vp"/>
    <shader name="transition_fade" type="fp" ref="default_blend_fp"/>

    <shader name="sprite" type="vp">
        <attribs stride_num_bytes="32">
            <attrib data_type="VERT_ATTRIB_DATATYPE_FLOAT" num_elems="2" offset_bytes="0"/>
            <attrib data_type="VERT_ATTRIB_DATATYPE_FLOAT" num_elems="2" offset_bytes="8"/>
            <attrib data_type="VERT_ATTRIB_DATATYPE_FLOAT" num_elems="2" offset_bytes="16"/>
            <attrib data_type="VERT_ATTRIB_DATATYPE_UNSIGNED_BYTE_NORM" num_elems="4" offset_bytes="24"/>
            <attrib data_type="VERT_ATTRIB_DATATYPE_FLOAT" num_elems="1" offset_bytes="28"/>
        </attribs>
    </shader>
    <shader name="sprite" type="fp" ref="default_blend_fp"/>

    <shader name="fog_of_war_vp" type="vp">
        <attribs stride_num_bytes="12">
            <attrib data_type="VERT_ATTRIB_DATATYPE_FLOAT" num_elems="2" offset_bytes="0"/>
            <attrib data_type="VERT_ATTRIB_DATATYPE_FLOAT" num_elems="1" offset_bytes="8"/>
        </attribs>
    </shader>

    <shader name="fog_of_war_effect_opaque" type="vp" ref="fog_of_war_vp"/>
    <shader name="fog_of_war_effect_opaque" type="fp" ref="default_blend_fp"/>
    <shader name="fog_of_war_effect_opaque_edge" type="vp" ref="fog_of_war_vp"/>
    <shader name="fog_of_war_effect_opaque_edge" type="fp" ref="default_blend_fp"/>
    <shader name="fog_of_war_effect_semi_opaque" type="vp" ref="fog_of_war_vp"/>
    <shader name="fog_of_war_effect_semi_opaque" type="fp" ref="default_blend_fp"/>
    <shader name="fog_of_war_reveal_effect" type="vp" ref="immgfx_vert_layout_vp"/>
    <shader name="fog_of_war_reveal_effect" type="fp" ref="default_blend_fp"/>


    <shader name="tile_blocks" type="vp">
        <attribs stride_num_bytes="36">
            <attrib data_type="VERT_ATTRIB_DATATYPE_FLOAT" num_elems="2" offset_bytes="0"/>
            <attrib data_type="VERT_ATTRIB_DATATYPE_FLOAT" num_elems="2" offset_bytes="8"/>
            <attrib data_type="VERT_ATTRIB_DATATYPE_FLOAT" num_elems="2" offset_bytes="16"/>
            <attrib data_type="VERT_ATTRIB_DATATYPE_FLOAT" num_elems="2" offset_bytes="24"/>
            <attrib data_type="VERT_ATTRIB_DATATYPE_UNSIGNED_BYTE_NORM" num_elems="4" offset_bytes="32"/>
        </attribs>
    </shader>
    <shader name="tile_blocks" type="fp" ref="default_blend_fp"/>


    <shader name="tileset_chunks" type="vp">
        <attribs stride_num_bytes="20">
            <attrib data_type="VERT_ATTRIB_DATATYPE_FLOAT" num_elems="2" offset_bytes="0"/>
            <attrib data_type="VERT_ATTRIB_DATATYPE_FLOAT" num_elems="2" offset_bytes="8"/>
            <attrib data_type="VERT_ATTRIB_DATATYPE_UNSIGNED_BYTE_NORM" num_elems="4" offset_bytes="16"/>
        </attribs>
    </shader>
    <shader name="tileset_chunks" type="fp" ref="default_blend_fp"/>


    <shader name="shield" type="vp" ref="immgfx_vert_layout_vp"/>
    <shader name="shield" type="fp" ref="default_blend_fp"/>


    <shader name="exit_portal" type="vp" ref="immgfx_vert_layout_vp"/>
    <shader name="exit_portal" type="fp" ref="default_blend_fp"/>


    <shader name="background_dust" type="vp">
        <attribs stride_num_bytes="28">
            <attrib data_type="VERT_ATTRIB_DATATYPE_FLOAT" num_elems="2" offset_bytes="0"/>
            <attrib data_type="VERT_ATTRIB_DATATYPE_FLOAT" num_elems="2" offset_bytes="8"/>
            <attrib data_type="VERT_ATTRIB_DATATYPE_FLOAT" num_elems="1" offset_bytes="16"/>
            <attrib data_type="VERT_ATTRIB_DATATYPE_FLOAT" num_elems="1" offset_bytes="20"/>
            <attrib data_type="VERT_ATTRIB_DATATYPE_FLOAT" num_elems="1" offset_bytes="24"/>
        </attribs>
    </shader>
    <shader name="background_dust" type="fp" ref="default_blend_fp"/>


</shaders>